dataset,n_real,split,method,classifier,balanced_accuracy,split_seed,n_train,n_test,n_pool,n_classes_in_split,n_test_excluded,train_class_counts,test_class_counts,n_syn_generated,syn_class_counts,aug_time_sec,per_class_recall,ks_median_pvalue,ks_mean_pvalue,eval_time_sec,status
steel,100,0,baseline,lr,99.422,42,100,500,1441,2,0,"[65, 35]","[327, 173]",0,"[0, 0]",0.0,"[1.0, 0.9884]",,,0.71,ok
steel,100,0,baseline,knn,82.6439,42,100,500,1441,2,0,"[65, 35]","[327, 173]",0,"[0, 0]",0.0,"[0.9419, 0.711]",,,0.11,ok
steel,100,0,baseline,mlp,94.1357,42,100,500,1441,2,0,"[65, 35]","[327, 173]",0,"[0, 0]",0.0,"[0.9694, 0.9133]",,,0.09,ok
steel,100,0,baseline,rf,78.4633,42,100,500,1441,2,0,"[65, 35]","[327, 173]",0,"[0, 0]",0.0,"[0.893, 0.6763]",,,0.29,ok
steel,100,0,baseline,xgboost,88.1688,42,100,500,1441,2,0,"[65, 35]","[327, 173]",0,"[0, 0]",0.0,"[0.9541, 0.8092]",,,0.18,ok
steel,100,0,baseline,tabpfn,100.0,42,100,500,1441,2,0,"[65, 35]","[327, 173]",0,"[0, 0]",0.0,"[1.0, 1.0]",,,1.23,ok
steel,100,0,smote,lr,99.422,42,100,500,1441,2,0,"[65, 35]","[327, 173]",500,"[325, 175]",0.06,"[1.0, 0.9884]",0.610592,0.603536,0.59,ok
steel,100,0,smote,knn,86.5037,42,100,500,1441,2,0,"[65, 35]","[327, 173]",500,"[325, 175]",0.06,"[0.9266, 0.8035]",0.610592,0.603536,0.13,ok
steel,100,0,smote,mlp,96.3285,42,100,500,1441,2,0,"[65, 35]","[327, 173]",500,"[325, 175]",0.06,"[0.9786, 0.948]",0.610592,0.603536,0.54,ok
steel,100,0,smote,rf,88.7469,42,100,500,1441,2,0,"[65, 35]","[327, 173]",500,"[325, 175]",0.06,"[0.9541, 0.8208]",0.610592,0.603536,0.22,ok
steel,100,0,smote,xgboost,98.5549,42,100,500,1441,2,0,"[65, 35]","[327, 173]",500,"[325, 175]",0.06,"[1.0, 0.9711]",0.610592,0.603536,0.09,ok
steel,100,0,smote,tabpfn,100.0,42,100,500,1441,2,0,"[65, 35]","[327, 173]",500,"[325, 175]",0.06,"[1.0, 1.0]",0.610592,0.603536,0.72,ok
steel,100,0,tabebm,lr,99.711,42,100,500,1441,2,0,"[65, 35]","[327, 173]",500,"[250, 250]",38.97,"[1.0, 0.9942]",0.032068,0.34519,0.72,ok
steel,100,0,tabebm,knn,86.5037,42,100,500,1441,2,0,"[65, 35]","[327, 173]",500,"[250, 250]",38.97,"[0.9266, 0.8035]",0.032068,0.34519,0.13,ok
steel,100,0,tabebm,mlp,96.873,42,100,500,1441,2,0,"[65, 35]","[327, 173]",500,"[250, 250]",38.97,"[0.9664, 0.9711]",0.032068,0.34519,0.47,ok
steel,100,0,tabebm,rf,86.1625,42,100,500,1441,2,0,"[65, 35]","[327, 173]",500,"[250, 250]",38.97,"[0.9602, 0.763]",0.032068,0.34519,0.2,ok
steel,100,0,tabebm,xgboost,100.0,42,100,500,1441,2,0,"[65, 35]","[327, 173]",500,"[250, 250]",38.97,"[1.0, 1.0]",0.032068,0.34519,0.1,ok
steel,100,0,tabebm,tabpfn,98.5549,42,100,500,1441,2,0,"[65, 35]","[327, 173]",500,"[250, 250]",38.97,"[1.0, 0.9711]",0.032068,0.34519,0.73,ok
steel,100,0,tvae,lr,85.9928,42,100,500,1441,2,0,"[65, 35]","[327, 173]",500,"[325, 175]",21.02,"[0.9511, 0.7688]",0.00025,0.013146,1.5,ok
steel,100,0,tvae,knn,78.512,42,100,500,1441,2,0,"[65, 35]","[327, 173]",500,"[325, 175]",21.02,"[0.9633, 0.6069]",0.00025,0.013146,0.29,ok
steel,100,0,tvae,mlp,85.398,42,100,500,1441,2,0,"[65, 35]","[327, 173]",500,"[325, 175]",21.02,"[0.945, 0.763]",0.00025,0.013146,2.61,ok
steel,100,0,tvae,rf,96.1924,42,100,500,1441,2,0,"[65, 35]","[327, 173]",500,"[325, 175]",21.02,"[0.9817, 0.9422]",0.00025,0.013146,0.22,ok
steel,100,0,tvae,xgboost,98.8439,42,100,500,1441,2,0,"[65, 35]","[327, 173]",500,"[325, 175]",21.02,"[1.0, 0.9769]",0.00025,0.013146,1.7,ok
steel,100,0,tvae,tabpfn,100.0,42,100,500,1441,2,0,"[65, 35]","[327, 173]",500,"[325, 175]",21.02,"[1.0, 1.0]",0.00025,0.013146,1.82,ok
steel,100,0,ctgan,lr,99.422,42,100,500,1441,2,0,"[65, 35]","[327, 173]",0,"[0, 0]",0.0,"[1.0, 0.9884]",,,0.59,ok
steel,100,0,ctgan,knn,82.6439,42,100,500,1441,2,0,"[65, 35]","[327, 173]",0,"[0, 0]",0.0,"[0.9419, 0.711]",,,0.11,ok
steel,100,0,ctgan,mlp,93.4047,42,100,500,1441,2,0,"[65, 35]","[327, 173]",0,"[0, 0]",0.0,"[0.9664, 0.9017]",,,0.73,ok
steel,100,0,ctgan,rf,74.1449,42,100,500,1441,2,0,"[65, 35]","[327, 173]",0,"[0, 0]",0.0,"[0.8991, 0.5838]",,,0.26,ok
steel,100,0,ctgan,xgboost,88.1688,42,100,500,1441,2,0,"[65, 35]","[327, 173]",0,"[0, 0]",0.0,"[0.9541, 0.8092]",,,0.17,ok
steel,100,0,ctgan,tabpfn,100.0,42,100,500,1441,2,0,"[65, 35]","[327, 173]",0,"[0, 0]",0.0,"[1.0, 1.0]",,,0.99,ok
steel,100,1,baseline,lr,97.4174,43,100,500,1441,2,0,"[65, 35]","[327, 173]",0,"[0, 0]",0.0,"[0.9541, 0.9942]",,,0.48,ok
steel,100,1,baseline,knn,89.5653,43,100,500,1441,2,0,"[65, 35]","[327, 173]",0,"[0, 0]",0.0,"[0.8838, 0.9075]",,,0.09,ok
steel,100,1,baseline,mlp,94.5104,43,100,500,1441,2,0,"[65, 35]","[327, 173]",0,"[0, 0]",0.0,"[0.948, 0.9422]",,,0.08,ok
steel,100,1,baseline,rf,72.5955,43,100,500,1441,2,0,"[65, 35]","[327, 173]",0,"[0, 0]",0.0,"[0.9664, 0.4855]",,,0.15,ok
steel,100,1,baseline,xgboost,88.3385,43,100,500,1441,2,0,"[65, 35]","[327, 173]",0,"[0, 0]",0.0,"[0.9633, 0.8035]",,,0.08,ok
steel,100,1,baseline,tabpfn,97.7064,43,100,500,1441,2,0,"[65, 35]","[327, 173]",0,"[0, 0]",0.0,"[0.9541, 1.0]",,,0.72,ok
steel,100,1,smote,lr,97.4174,43,100,500,1441,2,0,"[65, 35]","[327, 173]",500,"[325, 175]",0.04,"[0.9541, 0.9942]",0.549941,0.59218,0.12,ok
steel,100,1,smote,knn,89.0041,43,100,500,1441,2,0,"[65, 35]","[327, 173]",500,"[325, 175]",0.04,"[0.8899, 0.8902]",0.549941,0.59218,0.13,ok
steel,100,1,smote,mlp,94.7995,43,100,500,1441,2,0,"[65, 35]","[327, 173]",500,"[325, 175]",0.04,"[0.948, 0.948]",0.549941,0.59218,0.25,ok
steel,100,1,smote,rf,82.8808,43,100,500,1441,2,0,"[65, 35]","[327, 173]",500,"[325, 175]",0.04,"[0.9755, 0.6821]",0.549941,0.59218,0.18,ok
steel,100,1,smote,xgboost,93.7963,43,100,500,1441,2,0,"[65, 35]","[327, 173]",500,"[325, 175]",0.04,"[0.9511, 0.9249]",0.549941,0.59218,0.07,ok
steel,100,1,smote,tabpfn,97.7064,43,100,500,1441,2,0,"[65, 35]","[327, 173]",500,"[325, 175]",0.04,"[0.9541, 1.0]",0.549941,0.59218,0.71,ok
steel,100,1,tabebm,lr,97.4174,43,100,500,1441,2,0,"[65, 35]","[327, 173]",500,"[250, 250]",35.91,"[0.9541, 0.9942]",0.025893,0.352093,0.12,ok
steel,100,1,tabebm,knn,89.0562,43,100,500,1441,2,0,"[65, 35]","[327, 173]",500,"[250, 250]",35.91,"[0.8563, 0.9249]",0.025893,0.352093,0.13,ok
steel,100,1,tabebm,mlp,95.3775,43,100,500,1441,2,0,"[65, 35]","[327, 173]",500,"[250, 250]",35.91,"[0.948, 0.9595]",0.025893,0.352093,0.18,ok
steel,100,1,tabebm,rf,88.3385,43,100,500,1441,2,0,"[65, 35]","[327, 173]",500,"[250, 250]",35.91,"[0.9633, 0.8035]",0.025893,0.352093,0.2,ok
steel,100,1,tabebm,xgboost,95.6833,43,100,500,1441,2,0,"[65, 35]","[327, 173]",500,"[250, 250]",35.91,"[0.9541, 0.9595]",0.025893,0.352093,0.09,ok
steel,100,1,tabebm,tabpfn,97.4174,43,100,500,1441,2,0,"[65, 35]","[327, 173]",500,"[250, 250]",35.91,"[0.9541, 0.9942]",0.025893,0.352093,0.78,ok
steel,100,1,tvae,lr,83.9865,43,100,500,1441,2,0,"[65, 35]","[327, 173]",500,"[325, 175]",17.51,"[0.9572, 0.7225]",0.001711,0.03255,0.22,ok
steel,100,1,tvae,knn,77.0351,43,100,500,1441,2,0,"[65, 35]","[327, 173]",500,"[325, 175]",17.51,"[0.8991, 0.6416]",0.001711,0.03255,0.14,ok
steel,100,1,tvae,mlp,85.976,43,100,500,1441,2,0,"[65, 35]","[327, 173]",500,"[325, 175]",17.51,"[0.945, 0.7746]",0.001711,0.03255,0.65,ok
steel,100,1,tvae,rf,91.9261,43,100,500,1441,2,0,"[65, 35]","[327, 173]",500,"[325, 175]",17.51,"[0.9541, 0.8844]",0.001711,0.03255,0.17,ok
steel,100,1,tvae,xgboost,97.1284,43,100,500,1441,2,0,"[65, 35]","[327, 173]",500,"[325, 175]",17.51,"[0.9541, 0.9884]",0.001711,0.03255,0.08,ok
steel,100,1,tvae,tabpfn,99.422,43,100,500,1441,2,0,"[65, 35]","[327, 173]",500,"[325, 175]",17.51,"[1.0, 0.9884]",0.001711,0.03255,0.72,ok
steel,100,1,ctgan,lr,97.4174,43,100,500,1441,2,0,"[65, 35]","[327, 173]",0,"[0, 0]",0.0,"[0.9541, 0.9942]",,,0.02,ok
steel,100,1,ctgan,knn,89.5653,43,100,500,1441,2,0,"[65, 35]","[327, 173]",0,"[0, 0]",0.0,"[0.8838, 0.9075]",,,0.11,ok
steel,100,1,ctgan,mlp,94.5272,43,100,500,1441,2,0,"[65, 35]","[327, 173]",0,"[0, 0]",0.0,"[0.9541, 0.9364]",,,0.09,ok
steel,100,1,ctgan,rf,73.9398,43,100,500,1441,2,0,"[65, 35]","[327, 173]",0,"[0, 0]",0.0,"[0.9297, 0.5491]",,,0.22,ok
steel,100,1,ctgan,xgboost,88.3385,43,100,500,1441,2,0,"[65, 35]","[327, 173]",0,"[0, 0]",0.0,"[0.9633, 0.8035]",,,0.07,ok
steel,100,1,ctgan,tabpfn,97.7064,43,100,500,1441,2,0,"[65, 35]","[327, 173]",0,"[0, 0]",0.0,"[0.9541, 1.0]",,,0.71,ok
steel,100,2,baseline,lr,100.0,44,100,500,1441,2,0,"[65, 35]","[327, 173]",0,"[0, 0]",0.0,"[1.0, 1.0]",,,0.01,ok
steel,100,2,baseline,knn,85.383,44,100,500,1441,2,0,"[65, 35]","[327, 173]",0,"[0, 0]",0.0,"[0.8869, 0.8208]",,,0.12,ok
steel,100,2,baseline,mlp,95.4111,44,100,500,1441,2,0,"[65, 35]","[327, 173]",0,"[0, 0]",0.0,"[0.9602, 0.948]",,,0.09,ok
steel,100,2,baseline,rf,71.9856,44,100,500,1441,2,0,"[65, 35]","[327, 173]",0,"[0, 0]",0.0,"[0.9021, 0.5376]",,,0.16,ok
steel,100,2,baseline,xgboost,77.2887,44,100,500,1441,2,0,"[65, 35]","[327, 173]",0,"[0, 0]",0.0,"[0.9388, 0.6069]",,,0.07,ok
steel,100,2,baseline,tabpfn,100.0,44,100,500,1441,2,0,"[65, 35]","[327, 173]",0,"[0, 0]",0.0,"[1.0, 1.0]",,,0.7,ok
steel,100,2,smote,lr,100.0,44,100,500,1441,2,0,"[65, 35]","[327, 173]",500,"[325, 175]",0.04,"[1.0, 1.0]",0.702914,0.639252,0.12,ok
steel,100,2,smote,knn,88.1538,44,100,500,1441,2,0,"[65, 35]","[327, 173]",500,"[325, 175]",0.04,"[0.896, 0.8671]",0.702914,0.639252,0.13,ok
steel,100,2,smote,mlp,93.4905,44,100,500,1441,2,0,"[65, 35]","[327, 173]",500,"[325, 175]",0.04,"[0.945, 0.9249]",0.702914,0.639252,0.27,ok
steel,100,2,smote,rf,74.9616,44,100,500,1441,2,0,"[65, 35]","[327, 173]",500,"[325, 175]",0.04,"[0.8807, 0.6185]",0.702914,0.639252,0.18,ok
steel,100,2,smote,xgboost,91.0926,44,100,500,1441,2,0,"[65, 35]","[327, 173]",500,"[325, 175]",0.04,"[0.9664, 0.8555]",0.702914,0.639252,0.09,ok
steel,100,2,smote,tabpfn,99.5413,44,100,500,1441,2,0,"[65, 35]","[327, 173]",500,"[325, 175]",0.04,"[0.9908, 1.0]",0.702914,0.639252,0.71,ok
steel,100,2,tabebm,lr,100.0,44,100,500,1441,2,0,"[65, 35]","[327, 173]",500,"[250, 250]",38.18,"[1.0, 1.0]",0.014808,0.288669,0.11,ok
steel,100,2,tabebm,knn,89.0041,44,100,500,1441,2,0,"[65, 35]","[327, 173]",500,"[250, 250]",38.18,"[0.8899, 0.8902]",0.014808,0.288669,0.16,ok
steel,100,2,tabebm,mlp,96.431,44,100,500,1441,2,0,"[65, 35]","[327, 173]",500,"[250, 250]",38.18,"[0.9633, 0.9653]",0.014808,0.288669,1.08,ok
steel,100,2,tabebm,rf,85.5173,44,100,500,1441,2,0,"[65, 35]","[327, 173]",500,"[250, 250]",38.18,"[0.9358, 0.7746]",0.014808,0.288669,0.3,ok
steel,100,2,tabebm,xgboost,100.0,44,100,500,1441,2,0,"[65, 35]","[327, 173]",500,"[250, 250]",38.18,"[1.0, 1.0]",0.014808,0.288669,2.55,ok
steel,100,2,tabebm,tabpfn,100.0,44,100,500,1441,2,0,"[65, 35]","[327, 173]",500,"[250, 250]",38.18,"[1.0, 1.0]",0.014808,0.288669,0.9,ok
steel,100,2,tvae,lr,82.3364,44,100,500,1441,2,0,"[65, 35]","[327, 173]",500,"[325, 175]",17.5,"[0.9878, 0.659]",0.000539,0.07041,0.2,ok
steel,100,2,tvae,knn,76.7796,44,100,500,1441,2,0,"[65, 35]","[327, 173]",500,"[325, 175]",17.5,"[0.9113, 0.6243]",0.000539,0.07041,0.14,ok
steel,100,2,tvae,mlp,77.2887,44,100,500,1441,2,0,"[65, 35]","[327, 173]",500,"[325, 175]",17.5,"[0.9388, 0.6069]",0.000539,0.07041,0.74,ok
steel,100,2,tvae,rf,90.481,44,100,500,1441,2,0,"[65, 35]","[327, 173]",500,"[325, 175]",17.5,"[0.9541, 0.8555]",0.000539,0.07041,0.22,ok
steel,100,2,tvae,xgboost,96.9569,44,100,500,1441,2,0,"[65, 35]","[327, 173]",500,"[325, 175]",17.5,"[0.9969, 0.9422]",0.000539,0.07041,0.09,ok
steel,100,2,tvae,tabpfn,100.0,44,100,500,1441,2,0,"[65, 35]","[327, 173]",500,"[325, 175]",17.5,"[1.0, 1.0]",0.000539,0.07041,0.72,ok
steel,100,2,ctgan,lr,100.0,44,100,500,1441,2,0,"[65, 35]","[327, 173]",0,"[0, 0]",0.0,"[1.0, 1.0]",,,0.01,ok
steel,100,2,ctgan,knn,85.383,44,100,500,1441,2,0,"[65, 35]","[327, 173]",0,"[0, 0]",0.0,"[0.8869, 0.8208]",,,0.09,ok
steel,100,2,ctgan,mlp,95.4447,44,100,500,1441,2,0,"[65, 35]","[327, 173]",0,"[0, 0]",0.0,"[0.9725, 0.9364]",,,0.1,ok
steel,100,2,ctgan,rf,74.6876,44,100,500,1441,2,0,"[65, 35]","[327, 173]",0,"[0, 0]",0.0,"[0.9388, 0.5549]",,,0.18,ok
steel,100,2,ctgan,xgboost,77.2887,44,100,500,1441,2,0,"[65, 35]","[327, 173]",0,"[0, 0]",0.0,"[0.9388, 0.6069]",,,0.08,ok
steel,100,2,ctgan,tabpfn,100.0,44,100,500,1441,2,0,"[65, 35]","[327, 173]",0,"[0, 0]",0.0,"[1.0, 1.0]",,,0.7,ok
steel,100,3,baseline,lr,98.8439,45,100,500,1441,2,0,"[65, 35]","[327, 173]",0,"[0, 0]",0.0,"[1.0, 0.9769]",,,0.01,ok
steel,100,3,baseline,knn,86.9156,45,100,500,1441,2,0,"[65, 35]","[327, 173]",0,"[0, 0]",0.0,"[0.8135, 0.9249]",,,0.09,ok
steel,100,3,baseline,mlp,96.0899,45,100,500,1441,2,0,"[65, 35]","[327, 173]",0,"[0, 0]",0.0,"[0.9969, 0.9249]",,,0.11,ok
steel,100,3,baseline,rf,75.4185,45,100,500,1441,2,0,"[65, 35]","[327, 173]",0,"[0, 0]",0.0,"[0.9419, 0.5665]",,,0.16,ok
steel,100,3,baseline,xgboost,81.2324,45,100,500,1441,2,0,"[65, 35]","[327, 173]",0,"[0, 0]",0.0,"[0.9541, 0.6705]",,,0.09,ok
steel,100,3,baseline,tabpfn,100.0,45,100,500,1441,2,0,"[65, 35]","[327, 173]",0,"[0, 0]",0.0,"[1.0, 1.0]",,,0.72,ok
steel,100,3,smote,lr,99.422,45,100,500,1441,2,0,"[65, 35]","[327, 173]",500,"[325, 175]",0.05,"[1.0, 0.9884]",0.845884,0.701463,0.07,ok
steel,100,3,smote,knn,90.1602,45,100,500,1441,2,0,"[65, 35]","[327, 173]",500,"[325, 175]",0.05,"[0.8899, 0.9133]",0.845884,0.701463,0.12,ok
steel,100,3,smote,mlp,95.3421,45,100,500,1441,2,0,"[65, 35]","[327, 173]",500,"[325, 175]",0.05,"[0.9878, 0.9191]",0.845884,0.701463,0.25,ok
steel,100,3,smote,rf,79.7706,45,100,500,1441,2,0,"[65, 35]","[327, 173]",500,"[325, 175]",0.05,"[0.948, 0.6474]",0.845884,0.701463,0.19,ok
steel,100,3,smote,xgboost,89.0527,45,100,500,1441,2,0,"[65, 35]","[327, 173]",500,"[325, 175]",0.05,"[0.9602, 0.8208]",0.845884,0.701463,0.08,ok
steel,100,3,smote,tabpfn,99.422,45,100,500,1441,2,0,"[65, 35]","[327, 173]",500,"[325, 175]",0.05,"[1.0, 0.9884]",0.845884,0.701463,0.71,ok
steel,100,3,tabebm,lr,100.0,45,100,500,1441,2,0,"[65, 35]","[327, 173]",500,"[250, 250]",36.28,"[1.0, 1.0]",0.016605,0.276499,0.39,ok
steel,100,3,tabebm,knn,90.9079,45,100,500,1441,2,0,"[65, 35]","[327, 173]",500,"[250, 250]",36.28,"[0.8991, 0.9191]",0.016605,0.276499,0.29,ok
steel,100,3,tabebm,mlp,96.804,45,100,500,1441,2,0,"[65, 35]","[327, 173]",500,"[250, 250]",36.28,"[0.9939, 0.9422]",0.016605,0.276499,2.19,ok
steel,100,3,tabebm,rf,86.3322,45,100,500,1441,2,0,"[65, 35]","[327, 173]",500,"[250, 250]",36.28,"[0.9694, 0.7572]",0.016605,0.276499,0.31,ok
steel,100,3,tabebm,xgboost,93.8635,45,100,500,1441,2,0,"[65, 35]","[327, 173]",500,"[250, 250]",36.28,"[0.9755, 0.9017]",0.016605,0.276499,0.1,ok
steel,100,3,tabebm,tabpfn,97.1098,45,100,500,1441,2,0,"[65, 35]","[327, 173]",500,"[250, 250]",36.28,"[1.0, 0.9422]",0.016605,0.276499,0.72,ok
steel,100,3,tvae,lr,69.9943,45,100,500,1441,2,0,"[65, 35]","[327, 173]",500,"[325, 175]",17.52,"[0.9664, 0.4335]",0.003366,0.073468,0.28,ok
steel,100,3,tvae,knn,72.5133,45,100,500,1441,2,0,"[65, 35]","[327, 173]",500,"[325, 175]",17.52,"[0.8838, 0.5665]",0.003366,0.073468,0.23,ok
steel,100,3,tvae,mlp,80.2629,45,100,500,1441,2,0,"[65, 35]","[327, 173]",500,"[325, 175]",17.52,"[0.9694, 0.6358]",0.003366,0.073468,2.12,ok
steel,100,3,tvae,rf,86.0096,45,100,500,1441,2,0,"[65, 35]","[327, 173]",500,"[325, 175]",17.52,"[0.9572, 0.763]",0.003366,0.073468,0.17,ok
steel,100,3,tvae,xgboost,95.8362,45,100,500,1441,2,0,"[65, 35]","[327, 173]",500,"[325, 175]",17.52,"[0.9572, 0.9595]",0.003366,0.073468,0.08,ok
steel,100,3,tvae,tabpfn,99.711,45,100,500,1441,2,0,"[65, 35]","[327, 173]",500,"[325, 175]",17.52,"[1.0, 0.9942]",0.003366,0.073468,0.72,ok
steel,100,3,ctgan,lr,98.8439,45,100,500,1441,2,0,"[65, 35]","[327, 173]",0,"[0, 0]",0.0,"[1.0, 0.9769]",,,0.02,ok
steel,100,3,ctgan,knn,86.9156,45,100,500,1441,2,0,"[65, 35]","[327, 173]",0,"[0, 0]",0.0,"[0.8135, 0.9249]",,,0.11,ok
steel,100,3,ctgan,mlp,94.4919,45,100,500,1441,2,0,"[65, 35]","[327, 173]",0,"[0, 0]",0.0,"[0.9939, 0.896]",,,0.08,ok
steel,100,3,ctgan,rf,72.4779,45,100,500,1441,2,0,"[65, 35]","[327, 173]",0,"[0, 0]",0.0,"[0.9235, 0.526]",,,0.17,ok
steel,100,3,ctgan,xgboost,81.2324,45,100,500,1441,2,0,"[65, 35]","[327, 173]",0,"[0, 0]",0.0,"[0.9541, 0.6705]",,,0.07,ok
steel,100,3,ctgan,tabpfn,100.0,45,100,500,1441,2,0,"[65, 35]","[327, 173]",0,"[0, 0]",0.0,"[1.0, 1.0]",,,0.7,ok
steel,100,4,baseline,lr,99.711,46,100,500,1441,2,0,"[65, 35]","[327, 173]",0,"[0, 0]",0.0,"[1.0, 0.9942]",,,0.01,ok
steel,100,4,baseline,knn,89.3267,46,100,500,1441,2,0,"[65, 35]","[327, 173]",0,"[0, 0]",0.0,"[0.9021, 0.8844]",,,0.07,ok
steel,100,4,baseline,mlp,98.9632,46,100,500,1441,2,0,"[65, 35]","[327, 173]",0,"[0, 0]",0.0,"[0.9908, 0.9884]",,,0.16,ok
steel,100,4,baseline,rf,80.6376,46,100,500,1441,2,0,"[65, 35]","[327, 173]",0,"[0, 0]",0.0,"[0.948, 0.6647]",,,0.16,ok
steel,100,4,baseline,xgboost,83.7496,46,100,500,1441,2,0,"[65, 35]","[327, 173]",0,"[0, 0]",0.0,"[0.9235, 0.7514]",,,0.07,ok
steel,100,4,baseline,tabpfn,100.0,46,100,500,1441,2,0,"[65, 35]","[327, 173]",0,"[0, 0]",0.0,"[1.0, 1.0]",,,0.62,ok
steel,100,4,smote,lr,99.711,46,100,500,1441,2,0,"[65, 35]","[327, 173]",500,"[325, 175]",0.04,"[1.0, 0.9942]",0.73325,0.704051,0.08,ok
steel,100,4,smote,knn,93.5073,46,100,500,1441,2,0,"[65, 35]","[327, 173]",500,"[325, 175]",0.04,"[0.9511, 0.9191]",0.73325,0.704051,0.14,ok
steel,100,4,smote,mlp,99.1162,46,100,500,1441,2,0,"[65, 35]","[327, 173]",500,"[325, 175]",0.04,"[0.9939, 0.9884]",0.73325,0.704051,0.22,ok
steel,100,4,smote,rf,83.1026,46,100,500,1441,2,0,"[65, 35]","[327, 173]",500,"[325, 175]",0.04,"[0.9511, 0.711]",0.73325,0.704051,0.18,ok
steel,100,4,smote,xgboost,92.657,46,100,500,1441,2,0,"[65, 35]","[327, 173]",500,"[325, 175]",0.04,"[0.9572, 0.896]",0.73325,0.704051,0.1,ok
steel,100,4,smote,tabpfn,100.0,46,100,500,1441,2,0,"[65, 35]","[327, 173]",500,"[325, 175]",0.04,"[1.0, 1.0]",0.73325,0.704051,0.71,ok
steel,100,4,tabebm,lr,99.711,46,100,500,1441,2,0,"[65, 35]","[327, 173]",500,"[250, 250]",37.47,"[1.0, 0.9942]",0.035615,0.356353,0.06,ok
steel,100,4,tabebm,knn,93.3208,46,100,500,1441,2,0,"[65, 35]","[327, 173]",500,"[250, 250]",37.47,"[0.9358, 0.9306]",0.035615,0.356353,0.14,ok
steel,100,4,tabebm,mlp,99.711,46,100,500,1441,2,0,"[65, 35]","[327, 173]",500,"[250, 250]",37.47,"[1.0, 0.9942]",0.035615,0.356353,0.22,ok
steel,100,4,tabebm,rf,91.5009,46,100,500,1441,2,0,"[65, 35]","[327, 173]",500,"[250, 250]",37.47,"[0.9572, 0.8728]",0.035615,0.356353,0.18,ok
steel,100,4,tabebm,xgboost,97.5871,46,100,500,1441,2,0,"[65, 35]","[327, 173]",500,"[250, 250]",37.47,"[0.9633, 0.9884]",0.035615,0.356353,0.09,ok
steel,100,4,tabebm,tabpfn,100.0,46,100,500,1441,2,0,"[65, 35]","[327, 173]",500,"[250, 250]",37.47,"[1.0, 1.0]",0.035615,0.356353,0.7,ok
steel,100,4,tvae,lr,87.5572,46,100,500,1441,2,0,"[65, 35]","[327, 173]",500,"[325, 175]",26.24,"[0.9419, 0.8092]",0.000214,0.043587,0.24,ok
steel,100,4,tvae,knn,78.633,46,100,500,1441,2,0,"[65, 35]","[327, 173]",500,"[325, 175]",26.24,"[0.9021, 0.6705]",0.000214,0.043587,0.16,ok
steel,100,4,tvae,mlp,86.2315,46,100,500,1441,2,0,"[65, 35]","[327, 173]",500,"[325, 175]",26.24,"[0.9327, 0.7919]",0.000214,0.043587,3.09,ok
steel,100,4,tvae,rf,95.9891,46,100,500,1441,2,0,"[65, 35]","[327, 173]",500,"[325, 175]",26.24,"[0.9602, 0.9595]",0.000214,0.043587,0.26,ok
steel,100,4,tvae,xgboost,96.5671,46,100,500,1441,2,0,"[65, 35]","[327, 173]",500,"[325, 175]",26.24,"[0.9602, 0.9711]",0.000214,0.043587,0.08,ok
steel,100,4,tvae,tabpfn,99.711,46,100,500,1441,2,0,"[65, 35]","[327, 173]",500,"[325, 175]",26.24,"[1.0, 0.9942]",0.000214,0.043587,0.88,ok
steel,100,4,ctgan,lr,99.711,46,100,500,1441,2,0,"[65, 35]","[327, 173]",0,"[0, 0]",0.0,"[1.0, 0.9942]",,,0.04,ok
steel,100,4,ctgan,knn,89.3267,46,100,500,1441,2,0,"[65, 35]","[327, 173]",0,"[0, 0]",0.0,"[0.9021, 0.8844]",,,0.13,ok
steel,100,4,ctgan,mlp,97.8072,46,100,500,1441,2,0,"[65, 35]","[327, 173]",0,"[0, 0]",0.0,"[0.9908, 0.9653]",,,0.36,ok
steel,100,4,ctgan,rf,75.1463,46,100,500,1441,2,0,"[65, 35]","[327, 173]",0,"[0, 0]",0.0,"[0.948, 0.5549]",,,0.17,ok
steel,100,4,ctgan,xgboost,83.7496,46,100,500,1441,2,0,"[65, 35]","[327, 173]",0,"[0, 0]",0.0,"[0.9235, 0.7514]",,,0.17,ok
steel,100,4,ctgan,tabpfn,100.0,46,100,500,1441,2,0,"[65, 35]","[327, 173]",0,"[0, 0]",0.0,"[1.0, 1.0]",,,0.82,ok
steel,100,5,baseline,lr,99.711,47,100,500,1441,2,0,"[65, 35]","[327, 173]",0,"[0, 0]",0.0,"[1.0, 0.9942]",,,0.03,ok
steel,100,5,baseline,knn,89.9383,47,100,500,1441,2,0,"[65, 35]","[327, 173]",0,"[0, 0]",0.0,"[0.9144, 0.8844]",,,0.12,ok
steel,100,5,baseline,mlp,98.5045,47,100,500,1441,2,0,"[65, 35]","[327, 173]",0,"[0, 0]",0.0,"[0.9817, 0.9884]",,,0.18,ok
steel,100,5,baseline,rf,71.3723,47,100,500,1441,2,0,"[65, 35]","[327, 173]",0,"[0, 0]",0.0,"[0.9419, 0.4855]",,,0.18,ok
steel,100,5,baseline,xgboost,90.9733,47,100,500,1441,2,0,"[65, 35]","[327, 173]",0,"[0, 0]",0.0,"[0.9755, 0.8439]",,,2.22,ok
steel,100,5,baseline,tabpfn,100.0,47,100,500,1441,2,0,"[65, 35]","[327, 173]",0,"[0, 0]",0.0,"[1.0, 1.0]",,,1.89,ok
steel,100,5,smote,lr,99.711,47,100,500,1441,2,0,"[65, 35]","[327, 173]",500,"[325, 175]",0.17,"[1.0, 0.9942]",0.580062,0.56511,0.48,ok
steel,100,5,smote,knn,90.1937,47,100,500,1441,2,0,"[65, 35]","[327, 173]",500,"[325, 175]",0.17,"[0.9021, 0.9017]",0.580062,0.56511,0.23,ok
steel,100,5,smote,mlp,98.6574,47,100,500,1441,2,0,"[65, 35]","[327, 173]",500,"[325, 175]",0.17,"[0.9847, 0.9884]",0.580062,0.56511,1.6,ok
steel,100,5,smote,rf,87.1825,47,100,500,1441,2,0,"[65, 35]","[327, 173]",500,"[325, 175]",0.17,"[0.9633, 0.7803]",0.580062,0.56511,0.23,ok
steel,100,5,smote,xgboost,98.98,47,100,500,1441,2,0,"[65, 35]","[327, 173]",500,"[325, 175]",0.17,"[0.9969, 0.9827]",0.580062,0.56511,0.29,ok
steel,100,5,smote,tabpfn,100.0,47,100,500,1441,2,0,"[65, 35]","[327, 173]",500,"[325, 175]",0.17,"[1.0, 1.0]",0.580062,0.56511,2.12,ok
steel,100,5,tabebm,lr,99.711,47,100,500,1441,2,0,"[65, 35]","[327, 173]",500,"[250, 250]",36.59,"[1.0, 0.9942]",0.032068,0.284316,0.12,ok
steel,100,5,tabebm,knn,88.0009,47,100,500,1441,2,0,"[65, 35]","[327, 173]",500,"[250, 250]",36.59,"[0.893, 0.8671]",0.032068,0.284316,0.14,ok
steel,100,5,tabebm,mlp,98.9465,47,100,500,1441,2,0,"[65, 35]","[327, 173]",500,"[250, 250]",36.59,"[0.9847, 0.9942]",0.032068,0.284316,0.4,ok
steel,100,5,tabebm,rf,94.8834,47,100,500,1441,2,0,"[65, 35]","[327, 173]",500,"[250, 250]",36.59,"[0.9786, 0.9191]",0.032068,0.284316,0.21,ok
steel,100,5,tabebm,xgboost,99.8471,47,100,500,1441,2,0,"[65, 35]","[327, 173]",500,"[250, 250]",36.59,"[0.9969, 1.0]",0.032068,0.284316,0.1,ok
steel,100,5,tabebm,tabpfn,100.0,47,100,500,1441,2,0,"[65, 35]","[327, 173]",500,"[250, 250]",36.59,"[1.0, 1.0]",0.032068,0.284316,0.74,ok
steel,100,5,tvae,lr,83.9511,47,100,500,1441,2,0,"[65, 35]","[327, 173]",500,"[325, 175]",20.02,"[0.9969, 0.6821]",0.000972,0.019696,0.16,ok
steel,100,5,tvae,knn,77.6635,47,100,500,1441,2,0,"[65, 35]","[327, 173]",500,"[325, 175]",20.02,"[0.9174, 0.6358]",0.000972,0.019696,0.16,ok
steel,100,5,tvae,mlp,86.0618,47,100,500,1441,2,0,"[65, 35]","[327, 173]",500,"[325, 175]",20.02,"[0.9235, 0.7977]",0.000972,0.019696,0.69,ok
steel,100,5,tvae,rf,95.3253,47,100,500,1441,2,0,"[65, 35]","[327, 173]",500,"[325, 175]",20.02,"[0.9817, 0.9249]",0.000972,0.019696,0.31,ok
steel,100,5,tvae,xgboost,98.5213,47,100,500,1441,2,0,"[65, 35]","[327, 173]",500,"[325, 175]",20.02,"[0.9878, 0.9827]",0.000972,0.019696,0.11,ok
steel,100,5,tvae,tabpfn,100.0,47,100,500,1441,2,0,"[65, 35]","[327, 173]",500,"[325, 175]",20.02,"[1.0, 1.0]",0.000972,0.019696,0.34,ok
steel,100,5,ctgan,lr,99.711,47,100,500,1441,2,0,"[65, 35]","[327, 173]",0,"[0, 0]",0.0,"[1.0, 0.9942]",,,0.02,ok
steel,100,5,ctgan,knn,89.9383,47,100,500,1441,2,0,"[65, 35]","[327, 173]",0,"[0, 0]",0.0,"[0.9144, 0.8844]",,,0.11,ok
steel,100,5,ctgan,mlp,99.1162,47,100,500,1441,2,0,"[65, 35]","[327, 173]",0,"[0, 0]",0.0,"[0.9939, 0.9884]",,,0.13,ok
steel,100,5,ctgan,rf,74.6018,47,100,500,1441,2,0,"[65, 35]","[327, 173]",0,"[0, 0]",0.0,"[0.9602, 0.5318]",,,0.4,ok
steel,100,5,ctgan,xgboost,90.9733,47,100,500,1441,2,0,"[65, 35]","[327, 173]",0,"[0, 0]",0.0,"[0.9755, 0.8439]",,,0.1,ok
steel,100,5,ctgan,tabpfn,100.0,47,100,500,1441,2,0,"[65, 35]","[327, 173]",0,"[0, 0]",0.0,"[1.0, 1.0]",,,0.87,ok
steel,100,6,baseline,lr,98.2659,48,100,500,1441,2,0,"[65, 35]","[327, 173]",0,"[0, 0]",0.0,"[1.0, 0.9653]",,,0.05,ok
steel,100,6,baseline,knn,86.5894,48,100,500,1441,2,0,"[65, 35]","[327, 173]",0,"[0, 0]",0.0,"[0.9052, 0.8266]",,,0.15,ok
steel,100,6,baseline,mlp,93.7609,48,100,500,1441,2,0,"[65, 35]","[327, 173]",0,"[0, 0]",0.0,"[0.9908, 0.8844]",,,0.32,ok
steel,100,6,baseline,rf,67.6504,48,100,500,1441,2,0,"[65, 35]","[327, 173]",0,"[0, 0]",0.0,"[0.9021, 0.4509]",,,0.27,ok
steel,100,6,baseline,xgboost,82.8154,48,100,500,1441,2,0,"[65, 35]","[327, 173]",0,"[0, 0]",0.0,"[0.8991, 0.7572]",,,0.3,ok
steel,100,6,baseline,tabpfn,100.0,48,100,500,1441,2,0,"[65, 35]","[327, 173]",0,"[0, 0]",0.0,"[1.0, 1.0]",,,1.34,ok
steel,100,6,smote,lr,98.8439,48,100,500,1441,2,0,"[65, 35]","[327, 173]",500,"[325, 175]",0.11,"[1.0, 0.9769]",0.845884,0.715034,0.3,ok
steel,100,6,smote,knn,89.7333,48,100,500,1441,2,0,"[65, 35]","[327, 173]",500,"[325, 175]",0.11,"[0.945, 0.8497]",0.845884,0.715034,0.23,ok
steel,100,6,smote,mlp,95.0363,48,100,500,1441,2,0,"[65, 35]","[327, 173]",500,"[325, 175]",0.11,"[0.9817, 0.9191]",0.845884,0.715034,1.91,ok
steel,100,6,smote,rf,81.4375,48,100,500,1441,2,0,"[65, 35]","[327, 173]",500,"[325, 175]",0.11,"[0.9235, 0.7052]",0.845884,0.715034,0.25,ok
steel,100,6,smote,xgboost,86.5205,48,100,500,1441,2,0,"[65, 35]","[327, 173]",500,"[325, 175]",0.11,"[0.9327, 0.7977]",0.845884,0.715034,1.64,ok
steel,100,6,smote,tabpfn,98.6742,48,100,500,1441,2,0,"[65, 35]","[327, 173]",500,"[325, 175]",0.11,"[0.9908, 0.9827]",0.845884,0.715034,1.89,ok
steel,100,6,tabebm,lr,98.8439,48,100,500,1441,2,0,"[65, 35]","[327, 173]",500,"[250, 250]",38.46,"[1.0, 0.9769]",0.123004,0.300912,0.12,ok
steel,100,6,tabebm,knn,90.3113,48,100,500,1441,2,0,"[65, 35]","[327, 173]",500,"[250, 250]",38.46,"[0.945, 0.8613]",0.123004,0.300912,0.15,ok
steel,100,6,tabebm,mlp,96.7872,48,100,500,1441,2,0,"[65, 35]","[327, 173]",500,"[250, 250]",38.46,"[0.9878, 0.948]",0.123004,0.300912,0.28,ok
steel,100,6,tabebm,rf,88.8998,48,100,500,1441,2,0,"[65, 35]","[327, 173]",500,"[250, 250]",38.46,"[0.9572, 0.8208]",0.123004,0.300912,0.2,ok
steel,100,6,tabebm,xgboost,96.6007,48,100,500,1441,2,0,"[65, 35]","[327, 173]",500,"[250, 250]",38.46,"[0.9725, 0.9595]",0.123004,0.300912,0.11,ok
steel,100,6,tabebm,tabpfn,98.2659,48,100,500,1441,2,0,"[65, 35]","[327, 173]",500,"[250, 250]",38.46,"[1.0, 0.9653]",0.123004,0.300912,0.73,ok
steel,100,6,tvae,lr,78.0868,48,100,500,1441,2,0,"[65, 35]","[327, 173]",500,"[325, 175]",17.72,"[0.9664, 0.5954]",0.001122,0.046889,0.19,ok
steel,100,6,tvae,knn,73.1232,48,100,500,1441,2,0,"[65, 35]","[327, 173]",500,"[325, 175]",17.72,"[0.948, 0.5145]",0.001122,0.046889,0.16,ok
steel,100,6,tvae,mlp,82.6775,48,100,500,1441,2,0,"[65, 35]","[327, 173]",500,"[325, 175]",17.72,"[0.9541, 0.6994]",0.001122,0.046889,1.14,ok
steel,100,6,tvae,rf,92.1462,48,100,500,1441,2,0,"[65, 35]","[327, 173]",500,"[325, 175]",17.72,"[0.9817, 0.8613]",0.001122,0.046889,0.19,ok
steel,100,6,tvae,xgboost,93.5744,48,100,500,1441,2,0,"[65, 35]","[327, 173]",500,"[325, 175]",17.72,"[0.9755, 0.896]",0.001122,0.046889,0.1,ok
steel,100,6,tvae,tabpfn,100.0,48,100,500,1441,2,0,"[65, 35]","[327, 173]",500,"[325, 175]",17.72,"[1.0, 1.0]",0.001122,0.046889,0.8,ok
steel,100,6,ctgan,lr,98.2659,48,100,500,1441,2,0,"[65, 35]","[327, 173]",0,"[0, 0]",0.0,"[1.0, 0.9653]",,,0.02,ok
steel,100,6,ctgan,knn,86.5894,48,100,500,1441,2,0,"[65, 35]","[327, 173]",0,"[0, 0]",0.0,"[0.9052, 0.8266]",,,0.11,ok
steel,100,6,ctgan,mlp,94.7809,48,100,500,1441,2,0,"[65, 35]","[327, 173]",0,"[0, 0]",0.0,"[0.9939, 0.9017]",,,0.65,ok
steel,100,6,ctgan,rf,71.1354,48,100,500,1441,2,0,"[65, 35]","[327, 173]",0,"[0, 0]",0.0,"[0.9083, 0.5145]",,,0.32,ok
steel,100,6,ctgan,xgboost,82.8154,48,100,500,1441,2,0,"[65, 35]","[327, 173]",0,"[0, 0]",0.0,"[0.8991, 0.7572]",,,0.63,ok
steel,100,6,ctgan,tabpfn,100.0,48,100,500,1441,2,0,"[65, 35]","[327, 173]",0,"[0, 0]",0.0,"[1.0, 1.0]",,,1.43,ok
steel,100,7,baseline,lr,95.8009,49,100,500,1441,2,0,"[65, 35]","[327, 173]",0,"[0, 0]",0.0,"[0.9969, 0.9191]",,,0.02,ok
steel,100,7,baseline,knn,88.2882,49,100,500,1441,2,0,"[65, 35]","[327, 173]",0,"[0, 0]",0.0,"[0.945, 0.8208]",,,0.11,ok
steel,100,7,baseline,mlp,90.123,49,100,500,1441,2,0,"[65, 35]","[327, 173]",0,"[0, 0]",0.0,"[0.9817, 0.8208]",,,0.08,ok
steel,100,7,baseline,rf,71.5941,49,100,500,1441,2,0,"[65, 35]","[327, 173]",0,"[0, 0]",0.0,"[0.9174, 0.5145]",,,0.17,ok
steel,100,7,baseline,xgboost,72.2411,49,100,500,1441,2,0,"[65, 35]","[327, 173]",0,"[0, 0]",0.0,"[0.8899, 0.5549]",,,0.06,ok
steel,100,7,baseline,tabpfn,100.0,49,100,500,1441,2,0,"[65, 35]","[327, 173]",0,"[0, 0]",0.0,"[1.0, 1.0]",,,0.93,ok
steel,100,7,smote,lr,96.3789,49,100,500,1441,2,0,"[65, 35]","[327, 173]",500,"[325, 175]",0.09,"[0.9969, 0.9306]",0.610592,0.614084,0.4,ok
steel,100,7,smote,knn,87.7437,49,100,500,1441,2,0,"[65, 35]","[327, 173]",500,"[325, 175]",0.09,"[0.9572, 0.7977]",0.610592,0.614084,0.13,ok
steel,100,7,smote,mlp,90.412,49,100,500,1441,2,0,"[65, 35]","[327, 173]",500,"[325, 175]",0.09,"[0.9817, 0.8266]",0.610592,0.614084,0.29,ok
steel,100,7,smote,rf,77.4602,49,100,500,1441,2,0,"[65, 35]","[327, 173]",500,"[325, 175]",0.09,"[0.896, 0.6532]",0.610592,0.614084,0.2,ok
steel,100,7,smote,xgboost,79.075,49,100,500,1441,2,0,"[65, 35]","[327, 173]",500,"[325, 175]",0.09,"[0.9052, 0.6763]",0.610592,0.614084,0.1,ok
steel,100,7,smote,tabpfn,97.824,49,100,500,1441,2,0,"[65, 35]","[327, 173]",500,"[325, 175]",0.09,"[0.9969, 0.9595]",0.610592,0.614084,0.86,ok
steel,100,7,tabebm,lr,96.8208,49,100,500,1441,2,0,"[65, 35]","[327, 173]",500,"[250, 250]",37.37,"[1.0, 0.9364]",0.032068,0.314406,0.11,ok
steel,100,7,tabebm,knn,89.461,49,100,500,1441,2,0,"[65, 35]","[327, 173]",500,"[250, 250]",37.37,"[0.9511, 0.8382]",0.032068,0.314406,0.13,ok
steel,100,7,tabebm,mlp,92.741,49,100,500,1441,2,0,"[65, 35]","[327, 173]",500,"[250, 250]",37.37,"[0.9878, 0.8671]",0.032068,0.314406,0.22,ok
steel,100,7,tabebm,rf,83.6639,49,100,500,1441,2,0,"[65, 35]","[327, 173]",500,"[250, 250]",37.37,"[0.945, 0.7283]",0.032068,0.314406,0.23,ok
steel,100,7,tabebm,xgboost,89.903,49,100,500,1441,2,0,"[65, 35]","[327, 173]",500,"[250, 250]",37.37,"[0.9541, 0.8439]",0.032068,0.314406,0.1,ok
steel,100,7,tabebm,tabpfn,97.2459,49,100,500,1441,2,0,"[65, 35]","[327, 173]",500,"[250, 250]",37.37,"[0.9969, 0.948]",0.032068,0.314406,0.44,ok
steel,100,7,tvae,lr,75.9108,49,100,500,1441,2,0,"[65, 35]","[327, 173]",500,"[325, 175]",14.65,"[0.9633, 0.5549]",0.002948,0.031669,0.24,ok
steel,100,7,tvae,knn,78.6313,49,100,500,1441,2,0,"[65, 35]","[327, 173]",500,"[325, 175]",14.65,"[0.9541, 0.6185]",0.002948,0.031669,0.15,ok
steel,100,7,tvae,mlp,81.8441,49,100,500,1441,2,0,"[65, 35]","[327, 173]",500,"[325, 175]",14.65,"[0.9664, 0.6705]",0.002948,0.031669,1.88,ok
steel,100,7,tvae,rf,83.8336,49,100,500,1441,2,0,"[65, 35]","[327, 173]",500,"[325, 175]",14.65,"[0.9541, 0.7225]",0.002948,0.031669,0.21,ok
steel,100,7,tvae,xgboost,91.3648,49,100,500,1441,2,0,"[65, 35]","[327, 173]",500,"[325, 175]",14.65,"[0.9602, 0.8671]",0.002948,0.031669,0.1,ok
steel,100,7,tvae,tabpfn,98.5549,49,100,500,1441,2,0,"[65, 35]","[327, 173]",500,"[325, 175]",14.65,"[1.0, 0.9711]",0.002948,0.031669,1.39,ok
steel,100,7,ctgan,lr,95.8009,49,100,500,1441,2,0,"[65, 35]","[327, 173]",0,"[0, 0]",0.0,"[0.9969, 0.9191]",,,0.07,ok
steel,100,7,ctgan,knn,88.2882,49,100,500,1441,2,0,"[65, 35]","[327, 173]",0,"[0, 0]",0.0,"[0.945, 0.8208]",,,0.14,ok
steel,100,7,ctgan,mlp,87.947,49,100,500,1441,2,0,"[65, 35]","[327, 173]",0,"[0, 0]",0.0,"[0.9786, 0.7803]",,,0.27,ok
steel,100,7,ctgan,rf,70.4044,49,100,500,1441,2,0,"[65, 35]","[327, 173]",0,"[0, 0]",0.0,"[0.9052, 0.5029]",,,0.2,ok
steel,100,7,ctgan,xgboost,72.2411,49,100,500,1441,2,0,"[65, 35]","[327, 173]",0,"[0, 0]",0.0,"[0.8899, 0.5549]",,,0.2,ok
steel,100,7,ctgan,tabpfn,100.0,49,100,500,1441,2,0,"[65, 35]","[327, 173]",0,"[0, 0]",0.0,"[1.0, 1.0]",,,1.02,ok
steel,100,8,baseline,lr,100.0,50,100,500,1441,2,0,"[65, 35]","[327, 173]",0,"[0, 0]",0.0,"[1.0, 1.0]",,,0.01,ok
steel,100,8,baseline,knn,86.6566,50,100,500,1441,2,0,"[65, 35]","[327, 173]",0,"[0, 0]",0.0,"[0.9297, 0.8035]",,,0.13,ok
steel,100,8,baseline,mlp,98.2323,50,100,500,1441,2,0,"[65, 35]","[327, 173]",0,"[0, 0]",0.0,"[0.9878, 0.9769]",,,0.23,ok
steel,100,8,baseline,rf,79.2429,50,100,500,1441,2,0,"[65, 35]","[327, 173]",0,"[0, 0]",0.0,"[0.9664, 0.6185]",,,0.15,ok
steel,100,8,baseline,xgboost,83.2052,50,100,500,1441,2,0,"[65, 35]","[327, 173]",0,"[0, 0]",0.0,"[0.9358, 0.7283]",,,0.13,ok
steel,100,8,baseline,tabpfn,100.0,50,100,500,1441,2,0,"[65, 35]","[327, 173]",0,"[0, 0]",0.0,"[1.0, 1.0]",,,1.23,ok
steel,100,8,smote,lr,100.0,50,100,500,1441,2,0,"[65, 35]","[327, 173]",500,"[325, 175]",0.15,"[1.0, 1.0]",0.463322,0.555781,0.47,ok
steel,100,8,smote,knn,89.5804,50,100,500,1441,2,0,"[65, 35]","[327, 173]",500,"[325, 175]",0.15,"[0.9419, 0.8497]",0.463322,0.555781,0.17,ok
steel,100,8,smote,mlp,98.2155,50,100,500,1441,2,0,"[65, 35]","[327, 173]",500,"[325, 175]",0.15,"[0.9817, 0.9827]",0.463322,0.555781,0.47,ok
steel,100,8,smote,rf,89.241,50,100,500,1441,2,0,"[65, 35]","[327, 173]",500,"[325, 175]",0.15,"[0.9235, 0.8613]",0.463322,0.555781,0.18,ok
steel,100,8,smote,xgboost,92.2487,50,100,500,1441,2,0,"[65, 35]","[327, 173]",500,"[325, 175]",0.15,"[0.9664, 0.8786]",0.463322,0.555781,0.41,ok
steel,100,8,smote,tabpfn,100.0,50,100,500,1441,2,0,"[65, 35]","[327, 173]",500,"[325, 175]",0.15,"[1.0, 1.0]",0.463322,0.555781,1.29,ok
steel,100,8,tabebm,lr,100.0,50,100,500,1441,2,0,"[65, 35]","[327, 173]",500,"[250, 250]",35.92,"[1.0, 1.0]",0.025893,0.342573,0.09,ok
steel,100,8,tabebm,knn,89.3939,50,100,500,1441,2,0,"[65, 35]","[327, 173]",500,"[250, 250]",35.92,"[0.9266, 0.8613]",0.025893,0.342573,0.15,ok
steel,100,8,tabebm,mlp,99.2523,50,100,500,1441,2,0,"[65, 35]","[327, 173]",500,"[250, 250]",35.92,"[0.9908, 0.9942]",0.025893,0.342573,0.27,ok
steel,100,8,tabebm,rf,92.8267,50,100,500,1441,2,0,"[65, 35]","[327, 173]",500,"[250, 250]",35.92,"[0.9664, 0.8902]",0.025893,0.342573,0.23,ok
steel,100,8,tabebm,xgboost,95.7673,50,100,500,1441,2,0,"[65, 35]","[327, 173]",500,"[250, 250]",35.92,"[0.9847, 0.9306]",0.025893,0.342573,0.12,ok
steel,100,8,tabebm,tabpfn,100.0,50,100,500,1441,2,0,"[65, 35]","[327, 173]",500,"[250, 250]",35.92,"[1.0, 1.0]",0.025893,0.342573,0.72,ok
steel,100,8,tvae,lr,90.1398,50,100,500,1441,2,0,"[65, 35]","[327, 173]",500,"[325, 175]",19.63,"[0.9878, 0.815]",0.005638,0.059303,0.45,ok
steel,100,8,tvae,knn,76.252,50,100,500,1441,2,0,"[65, 35]","[327, 173]",500,"[325, 175]",19.63,"[0.9297, 0.5954]",0.005638,0.059303,0.21,ok
steel,100,8,tvae,mlp,92.1294,50,100,500,1441,2,0,"[65, 35]","[327, 173]",500,"[325, 175]",19.63,"[0.9755, 0.8671]",0.005638,0.059303,2.68,ok
steel,100,8,tvae,rf,94.255,50,100,500,1441,2,0,"[65, 35]","[327, 173]",500,"[325, 175]",19.63,"[0.9602, 0.9249]",0.005638,0.059303,0.19,ok
steel,100,8,tvae,xgboost,97.1956,50,100,500,1441,2,0,"[65, 35]","[327, 173]",500,"[325, 175]",19.63,"[0.9786, 0.9653]",0.005638,0.059303,0.23,ok
steel,100,8,tvae,tabpfn,100.0,50,100,500,1441,2,0,"[65, 35]","[327, 173]",500,"[325, 175]",19.63,"[1.0, 1.0]",0.005638,0.059303,1.44,ok
steel,100,8,ctgan,lr,100.0,50,100,500,1441,2,0,"[65, 35]","[327, 173]",0,"[0, 0]",0.0,"[1.0, 1.0]",,,0.02,ok
steel,100,8,ctgan,knn,86.6566,50,100,500,1441,2,0,"[65, 35]","[327, 173]",0,"[0, 0]",0.0,"[0.9297, 0.8035]",,,0.13,ok
steel,100,8,ctgan,mlp,98.6742,50,100,500,1441,2,0,"[65, 35]","[327, 173]",0,"[0, 0]",0.0,"[0.9908, 0.9827]",,,0.23,ok
steel,100,8,ctgan,rf,80.5183,50,100,500,1441,2,0,"[65, 35]","[327, 173]",0,"[0, 0]",0.0,"[0.9572, 0.6532]",,,0.19,ok
steel,100,8,ctgan,xgboost,83.2052,50,100,500,1441,2,0,"[65, 35]","[327, 173]",0,"[0, 0]",0.0,"[0.9358, 0.7283]",,,0.2,ok
steel,100,8,ctgan,tabpfn,100.0,50,100,500,1441,2,0,"[65, 35]","[327, 173]",0,"[0, 0]",0.0,"[1.0, 1.0]",,,1.24,ok
steel,100,9,baseline,lr,99.5413,51,100,500,1441,2,0,"[65, 35]","[327, 173]",0,"[0, 0]",0.0,"[0.9908, 1.0]",,,0.08,ok
steel,100,9,baseline,knn,85.8435,51,100,500,1441,2,0,"[65, 35]","[327, 173]",0,"[0, 0]",0.0,"[0.844, 0.8728]",,,0.14,ok
steel,100,9,baseline,mlp,93.388,51,100,500,1441,2,0,"[65, 35]","[327, 173]",0,"[0, 0]",0.0,"[0.9602, 0.9075]",,,0.26,ok
steel,100,9,baseline,rf,76.7796,51,100,500,1441,2,0,"[65, 35]","[327, 173]",0,"[0, 0]",0.0,"[0.9113, 0.6243]",,,0.25,ok
steel,100,9,baseline,xgboost,85.5173,51,100,500,1441,2,0,"[65, 35]","[327, 173]",0,"[0, 0]",0.0,"[0.9358, 0.7746]",,,0.27,ok
steel,100,9,baseline,tabpfn,100.0,51,100,500,1441,2,0,"[65, 35]","[327, 173]",0,"[0, 0]",0.0,"[1.0, 1.0]",,,1.89,ok
steel,100,9,smote,lr,99.5413,51,100,500,1441,2,0,"[65, 35]","[327, 173]",500,"[325, 175]",0.11,"[0.9908, 1.0]",0.580062,0.60322,0.17,ok
steel,100,9,smote,knn,90.8743,51,100,500,1441,2,0,"[65, 35]","[327, 173]",500,"[325, 175]",0.11,"[0.8869, 0.9306]",0.580062,0.60322,0.14,ok
steel,100,9,smote,mlp,95.7001,51,100,500,1441,2,0,"[65, 35]","[327, 173]",500,"[325, 175]",0.11,"[0.9602, 0.9538]",0.580062,0.60322,1.19,ok
steel,100,9,smote,rf,83.1716,51,100,500,1441,2,0,"[65, 35]","[327, 173]",500,"[325, 175]",0.11,"[0.9235, 0.7399]",0.580062,0.60322,0.29,ok
steel,100,9,smote,xgboost,89.4442,51,100,500,1441,2,0,"[65, 35]","[327, 173]",500,"[325, 175]",0.11,"[0.945, 0.8439]",0.580062,0.60322,0.25,ok
steel,100,9,smote,tabpfn,100.0,51,100,500,1441,2,0,"[65, 35]","[327, 173]",500,"[325, 175]",0.11,"[1.0, 1.0]",0.580062,0.60322,0.77,ok
steel,100,9,tabebm,lr,99.5413,51,100,500,1441,2,0,"[65, 35]","[327, 173]",500,"[250, 250]",37.14,"[0.9908, 1.0]",0.032068,0.295598,0.17,ok
steel,100,9,tabebm,knn,91.2826,51,100,500,1441,2,0,"[65, 35]","[327, 173]",500,"[250, 250]",37.14,"[0.8777, 0.948]",0.032068,0.295598,0.19,ok
steel,100,9,tabebm,mlp,95.7337,51,100,500,1441,2,0,"[65, 35]","[327, 173]",500,"[250, 250]",37.14,"[0.9725, 0.9422]",0.032068,0.295598,1.05,ok
steel,100,9,tabebm,rf,86.4869,51,100,500,1441,2,0,"[65, 35]","[327, 173]",500,"[250, 250]",37.14,"[0.9205, 0.8092]",0.032068,0.295598,0.19,ok
steel,100,9,tabebm,xgboost,87.8462,51,100,500,1441,2,0,"[65, 35]","[327, 173]",500,"[250, 250]",37.14,"[0.9419, 0.815]",0.032068,0.295598,0.09,ok
steel,100,9,tabebm,tabpfn,100.0,51,100,500,1441,2,0,"[65, 35]","[327, 173]",500,"[250, 250]",37.14,"[1.0, 1.0]",0.032068,0.295598,0.72,ok
steel,100,9,tvae,lr,84.6335,51,100,500,1441,2,0,"[65, 35]","[327, 173]",500,"[325, 175]",15.7,"[0.9297, 0.763]",0.001122,0.021694,0.17,ok
steel,100,9,tvae,knn,78.3608,51,100,500,1441,2,0,"[65, 35]","[327, 173]",500,"[325, 175]",15.7,"[0.9083, 0.659]",0.001122,0.021694,0.15,ok
steel,100,9,tvae,mlp,87.5404,51,100,500,1441,2,0,"[65, 35]","[327, 173]",500,"[325, 175]",15.7,"[0.9358, 0.815]",0.001122,0.021694,0.68,ok
steel,100,9,tvae,rf,90.6171,51,100,500,1441,2,0,"[65, 35]","[327, 173]",500,"[325, 175]",15.7,"[0.9511, 0.8613]",0.001122,0.021694,0.18,ok
steel,100,9,tvae,xgboost,95.191,51,100,500,1441,2,0,"[65, 35]","[327, 173]",500,"[325, 175]",15.7,"[0.9327, 0.9711]",0.001122,0.021694,0.09,ok
steel,100,9,tvae,tabpfn,100.0,51,100,500,1441,2,0,"[65, 35]","[327, 173]",500,"[325, 175]",15.7,"[1.0, 1.0]",0.001122,0.021694,1.04,ok
steel,100,9,ctgan,lr,99.5413,51,100,500,1441,2,0,"[65, 35]","[327, 173]",0,"[0, 0]",0.0,"[0.9908, 1.0]",,,0.05,ok
steel,100,9,ctgan,knn,85.8435,51,100,500,1441,2,0,"[65, 35]","[327, 173]",0,"[0, 0]",0.0,"[0.844, 0.8728]",,,0.11,ok
steel,100,9,ctgan,mlp,94.9859,51,100,500,1441,2,0,"[65, 35]","[327, 173]",0,"[0, 0]",0.0,"[0.9633, 0.9364]",,,0.23,ok
steel,100,9,ctgan,rf,78.0886,51,100,500,1441,2,0,"[65, 35]","[327, 173]",0,"[0, 0]",0.0,"[0.9144, 0.6474]",,,0.17,ok
steel,100,9,ctgan,xgboost,85.5173,51,100,500,1441,2,0,"[65, 35]","[327, 173]",0,"[0, 0]",0.0,"[0.9358, 0.7746]",,,0.31,ok
steel,100,9,ctgan,tabpfn,100.0,51,100,500,1441,2,0,"[65, 35]","[327, 173]",0,"[0, 0]",0.0,"[1.0, 1.0]",,,0.72,ok
